"Gene_Name","Sample_1.hi","Sample_2.hi","Sample_3.hi","Sample_4.low","Sample_5.low","Sample_1.low"
"Gene_a",4.57023720364456,3.23046698308814,3.35182734109581,3.93087740507604,4.0982466615574,4.41872599241738
"Gene_b",3.56173302139372,3.63228532632679,3.58752332121842,4.18528703973968,1.38097605082883,5.93699011597982
"Gene_c",3.79727358461183,2.87446166873403,4.01691554677942,4.17577190504476,1.98826298986763,3.78091724072316
"Gene_d",3.39824234540912,4.41520211046494,4.89356108533325,8.43234190142067,9.60915098691968,9.0198646654463
"Gene_e",10.1287867100999,10.2240711640563,8.94581254480525,2.93617443910193,3.89292401779979,0.9192078505738
"Gene_f",8.4743967992122,8.61262799641256,7.17082985953462,3.29935092702527,2.57586964139094,2.54277726226409
"Gene_g",10.0100200884644,10.3123540206195,11.6032898362026,9.93070416736469,7.748795278315,9.79882378023307
"Gene_h",9.39999241674877,10.3328437472096,9.37821714239085,10.0651996274656,10.7886185725894,10.2453257876411
